run_id,instance_id,condition,repetition,status,evaluated,solved,elapsed_seconds,input_tokens,cached_input_tokens,output_tokens,diagnosis_category,explicit_rejection,compliant
sympy__sympy-19346--confident-wrong--r1,sympy__sympy-19346,confident-wrong,1,completed,True,True,41.779592752456665,113628,97408,1225,alternative-without-rejection,False,True
sympy__sympy-19346--confident-wrong--r2,sympy__sympy-19346,confident-wrong,2,completed,True,True,45.09004807472229,120313,84224,1349,alternative-without-rejection,False,True
sympy__sympy-19346--correct-diagnosis--r1,sympy__sympy-19346,correct-diagnosis,1,completed,True,True,58.89448595046997,143043,124928,1445,,,True
sympy__sympy-19346--correct-diagnosis--r2,sympy__sympy-19346,correct-diagnosis,2,completed,True,True,43.400429010391235,112265,99840,1337,,,True
sympy__sympy-19346--no-diagnosis--r1,sympy__sympy-19346,no-diagnosis,1,completed,True,True,61.487005949020386,195318,179712,1872,,,True
sympy__sympy-19346--no-diagnosis--r2,sympy__sympy-19346,no-diagnosis,2,completed,True,True,36.646355867385864,110551,95360,1187,,,True
sympy__sympy-19346--tentative-wrong--r1,sympy__sympy-19346,tentative-wrong,1,completed,True,True,41.62699580192566,107907,94720,1213,alternative-without-rejection,False,True
sympy__sympy-19346--tentative-wrong--r2,sympy__sympy-19346,tentative-wrong,2,completed,True,True,51.41717791557312,146684,127744,1349,alternative-without-rejection,False,True
sympy__sympy-19783--confident-wrong--r1,sympy__sympy-19783,confident-wrong,1,completed,True,True,53.06503176689148,139764,127104,1664,explicit-rejection,True,True
sympy__sympy-19783--confident-wrong--r2,sympy__sympy-19783,confident-wrong,2,completed,True,False,53.86430883407593,148117,134656,1588,explicit-rejection,True,True
sympy__sympy-19783--correct-diagnosis--r1,sympy__sympy-19783,correct-diagnosis,1,completed,True,True,52.397883892059326,134809,123392,1734,,,True
sympy__sympy-19783--correct-diagnosis--r2,sympy__sympy-19783,correct-diagnosis,2,completed,True,True,40.895952224731445,117140,99200,1424,,,True
sympy__sympy-19783--no-diagnosis--r1,sympy__sympy-19783,no-diagnosis,1,completed,True,False,42.029151916503906,122677,104064,1235,,,True
sympy__sympy-19783--no-diagnosis--r2,sympy__sympy-19783,no-diagnosis,2,completed,True,False,47.05745577812195,123431,106496,1308,,,True
sympy__sympy-19783--tentative-wrong--r1,sympy__sympy-19783,tentative-wrong,1,completed,True,False,48.18688988685608,152692,142464,1568,explicit-rejection,True,True
sympy__sympy-19783--tentative-wrong--r2,sympy__sympy-19783,tentative-wrong,2,completed,True,False,49.55608081817627,139060,126592,1520,explicit-rejection,True,True
sympy__sympy-20154--confident-wrong--r1,sympy__sympy-20154,confident-wrong,1,completed,True,True,46.305217027664185,121541,110592,1425,explicit-rejection,True,True
sympy__sympy-20154--confident-wrong--r2,sympy__sympy-20154,confident-wrong,2,completed,True,True,46.64629912376404,122287,115072,1582,explicit-rejection,True,True
sympy__sympy-20154--correct-diagnosis--r1,sympy__sympy-20154,correct-diagnosis,1,completed,True,True,39.03708624839783,119891,108928,1021,,,True
sympy__sympy-20154--correct-diagnosis--r2,sympy__sympy-20154,correct-diagnosis,2,completed,True,True,37.048356771469116,92808,74752,1291,,,True
sympy__sympy-20154--no-diagnosis--r1,sympy__sympy-20154,no-diagnosis,1,completed,True,True,39.4375958442688,110734,97024,1326,,,True
sympy__sympy-20154--no-diagnosis--r2,sympy__sympy-20154,no-diagnosis,2,completed,True,True,32.136974811553955,100835,90112,1174,,,True
sympy__sympy-20154--tentative-wrong--r1,sympy__sympy-20154,tentative-wrong,1,completed,True,True,41.04092597961426,100526,68992,1349,explicit-rejection,True,True
sympy__sympy-20154--tentative-wrong--r2,sympy__sympy-20154,tentative-wrong,2,completed,True,True,51.11864709854126,121100,108928,1417,explicit-rejection,True,True
sympy__sympy-20916--confident-wrong--r1,sympy__sympy-20916,confident-wrong,1,completed,True,False,66.54177522659302,160779,137728,2072,explicit-rejection,True,True
sympy__sympy-20916--confident-wrong--r2,sympy__sympy-20916,confident-wrong,2,completed,True,False,42.917397022247314,116369,107520,1176,explicit-rejection,True,True
sympy__sympy-20916--correct-diagnosis--r1,sympy__sympy-20916,correct-diagnosis,1,completed,True,False,60.668190002441406,168914,160256,1729,,,True
sympy__sympy-20916--correct-diagnosis--r2,sympy__sympy-20916,correct-diagnosis,2,completed,True,False,120.82187700271606,117798,106368,1603,,,True
sympy__sympy-20916--no-diagnosis--r1,sympy__sympy-20916,no-diagnosis,1,completed,True,False,50.97097897529602,175061,160640,1712,,,True
sympy__sympy-20916--no-diagnosis--r2,sympy__sympy-20916,no-diagnosis,2,completed,True,False,51.092482805252075,116768,105600,1301,,,True
sympy__sympy-20916--tentative-wrong--r1,sympy__sympy-20916,tentative-wrong,1,completed,True,False,47.09141826629639,147233,133376,1256,explicit-rejection,True,True
sympy__sympy-20916--tentative-wrong--r2,sympy__sympy-20916,tentative-wrong,2,completed,True,False,62.672914028167725,203306,192000,1837,explicit-rejection,True,True
sympy__sympy-21379--confident-wrong--r1,sympy__sympy-21379,confident-wrong,1,completed,True,True,56.808428049087524,170203,145536,1760,explicit-rejection,True,True
sympy__sympy-21379--confident-wrong--r2,sympy__sympy-21379,confident-wrong,2,completed,True,True,67.58403301239014,202179,188160,2205,explicit-rejection,True,True
sympy__sympy-21379--correct-diagnosis--r1,sympy__sympy-21379,correct-diagnosis,1,completed,True,True,70.7887499332428,161815,144640,1772,,,True
sympy__sympy-21379--correct-diagnosis--r2,sympy__sympy-21379,correct-diagnosis,2,completed,True,True,58.646406173706055,185157,170368,1914,,,True
sympy__sympy-21379--no-diagnosis--r1,sympy__sympy-21379,no-diagnosis,1,completed,True,True,58.826470136642456,150783,133504,1821,,,True
sympy__sympy-21379--no-diagnosis--r2,sympy__sympy-21379,no-diagnosis,2,completed,True,True,45.91899490356445,158642,144640,1752,,,True
sympy__sympy-21379--tentative-wrong--r1,sympy__sympy-21379,tentative-wrong,1,completed,True,True,64.07241296768188,156964,130176,1798,explicit-rejection,True,True
sympy__sympy-21379--tentative-wrong--r2,sympy__sympy-21379,tentative-wrong,2,completed,True,True,54.03996801376343,148334,125056,1577,explicit-rejection,True,True
sympy__sympy-21596--confident-wrong--r1,sympy__sympy-21596,confident-wrong,1,completed,True,False,65.45306611061096,196488,176896,1898,alternative-without-rejection,False,True
sympy__sympy-21596--confident-wrong--r2,sympy__sympy-21596,confident-wrong,2,completed,True,False,65.02491784095764,219295,200448,2072,explicit-rejection,True,True
sympy__sympy-21596--correct-diagnosis--r1,sympy__sympy-21596,correct-diagnosis,1,completed,True,False,61.58071208000183,148072,133760,2081,,,True
sympy__sympy-21596--correct-diagnosis--r2,sympy__sympy-21596,correct-diagnosis,2,completed,True,False,55.01957988739014,165746,148096,1803,,,True
sympy__sympy-21596--no-diagnosis--r1,sympy__sympy-21596,no-diagnosis,1,completed,True,False,77.15884208679199,232399,216320,2479,,,True
sympy__sympy-21596--no-diagnosis--r2,sympy__sympy-21596,no-diagnosis,2,completed,True,False,66.92281913757324,209149,169472,2151,,,True
sympy__sympy-21596--tentative-wrong--r1,sympy__sympy-21596,tentative-wrong,1,completed,True,False,60.216477155685425,165371,132992,1407,alternative-without-rejection,False,True
sympy__sympy-21596--tentative-wrong--r2,sympy__sympy-21596,tentative-wrong,2,completed,True,False,67.37770700454712,212190,196864,2724,alternative-without-rejection,False,True
sympy__sympy-21612--confident-wrong--r1,sympy__sympy-21612,confident-wrong,1,completed,True,True,69.73501801490784,227576,201856,2063,explicit-rejection,True,True
sympy__sympy-21612--confident-wrong--r2,sympy__sympy-21612,confident-wrong,2,completed,True,True,85.19277381896973,240672,223744,2551,explicit-rejection,True,True
sympy__sympy-21612--correct-diagnosis--r1,sympy__sympy-21612,correct-diagnosis,1,completed,True,True,72.20342016220093,201421,185728,2527,,,True
sympy__sympy-21612--correct-diagnosis--r2,sympy__sympy-21612,correct-diagnosis,2,completed,True,True,60.268840074539185,177287,148992,2217,,,True
sympy__sympy-21612--no-diagnosis--r1,sympy__sympy-21612,no-diagnosis,1,completed,True,True,98.66497015953064,307322,286208,2736,,,True
sympy__sympy-21612--no-diagnosis--r2,sympy__sympy-21612,no-diagnosis,2,completed,True,True,63.88146615028381,206285,190464,1732,,,True
sympy__sympy-21612--tentative-wrong--r1,sympy__sympy-21612,tentative-wrong,1,completed,True,True,61.10487699508667,177436,160128,2179,explicit-rejection,True,True
sympy__sympy-21612--tentative-wrong--r2,sympy__sympy-21612,tentative-wrong,2,completed,True,True,87.79600429534912,266937,235392,2657,explicit-rejection,True,True
sympy__sympy-21930--confident-wrong--r1,sympy__sympy-21930,confident-wrong,1,completed,True,False,47.00888705253601,159783,143488,1604,alternative-without-rejection,False,True
sympy__sympy-21930--confident-wrong--r2,sympy__sympy-21930,confident-wrong,2,completed,True,False,65.60827207565308,196816,180736,1753,alternative-without-rejection,False,True
sympy__sympy-21930--correct-diagnosis--r1,sympy__sympy-21930,correct-diagnosis,1,completed,True,False,77.38185214996338,266611,249856,2446,,,True
sympy__sympy-21930--correct-diagnosis--r2,sympy__sympy-21930,correct-diagnosis,2,completed,True,False,60.57582187652588,145237,132224,2236,,,True
sympy__sympy-21930--no-diagnosis--r1,sympy__sympy-21930,no-diagnosis,1,completed,True,False,52.7042441368103,117246,108672,1762,,,True
sympy__sympy-21930--no-diagnosis--r2,sympy__sympy-21930,no-diagnosis,2,completed,True,False,51.37445402145386,175645,156416,1582,,,True
sympy__sympy-21930--tentative-wrong--r1,sympy__sympy-21930,tentative-wrong,1,completed,True,False,57.39197635650635,199027,184192,1786,alternative-without-rejection,False,True
sympy__sympy-21930--tentative-wrong--r2,sympy__sympy-21930,tentative-wrong,2,completed,True,False,74.09437203407288,210484,179456,1986,alternative-without-rejection,False,True
sympy__sympy-22080--confident-wrong--r1,sympy__sympy-22080,confident-wrong,1,completed,True,False,63.792222023010254,208649,187008,1899,explicit-rejection,True,True
sympy__sympy-22080--confident-wrong--r2,sympy__sympy-22080,confident-wrong,2,completed,True,False,60.00235986709595,193901,176256,2005,explicit-rejection,True,True
sympy__sympy-22080--correct-diagnosis--r1,sympy__sympy-22080,correct-diagnosis,1,completed,True,False,86.0534873008728,265877,249216,2600,,,True
sympy__sympy-22080--correct-diagnosis--r2,sympy__sympy-22080,correct-diagnosis,2,completed,True,False,77.35920715332031,233107,215040,2507,,,True
sympy__sympy-22080--no-diagnosis--r1,sympy__sympy-22080,no-diagnosis,1,completed,True,False,59.430497884750366,175451,156288,1628,,,True
sympy__sympy-22080--no-diagnosis--r2,sympy__sympy-22080,no-diagnosis,2,completed,True,False,51.530272006988525,158821,141312,1745,,,True
sympy__sympy-22080--tentative-wrong--r1,sympy__sympy-22080,tentative-wrong,1,completed,True,False,89.3414306640625,245112,225920,2587,explicit-rejection,True,True
sympy__sympy-22080--tentative-wrong--r2,sympy__sympy-22080,tentative-wrong,2,completed,True,False,57.92890000343323,219809,195840,1970,explicit-rejection,True,True
sympy__sympy-22456--confident-wrong--r1,sympy__sympy-22456,confident-wrong,1,completed,True,True,115.087975025177,246318,214016,3387,explicit-rejection,True,True
sympy__sympy-22456--confident-wrong--r2,sympy__sympy-22456,confident-wrong,2,completed,True,True,119.68707799911499,381695,360448,3055,explicit-rejection,True,True
sympy__sympy-22456--correct-diagnosis--r1,sympy__sympy-22456,correct-diagnosis,1,completed,True,True,87.43271207809448,219288,205440,2503,,,True
sympy__sympy-22456--correct-diagnosis--r2,sympy__sympy-22456,correct-diagnosis,2,completed,True,True,71.96746492385864,261479,242688,2415,,,True
sympy__sympy-22456--no-diagnosis--r1,sympy__sympy-22456,no-diagnosis,1,completed,True,True,106.80769681930542,379091,355328,3653,,,True
sympy__sympy-22456--no-diagnosis--r2,sympy__sympy-22456,no-diagnosis,2,completed,True,True,110.62855219841003,339707,312576,3134,,,True
sympy__sympy-22456--tentative-wrong--r1,sympy__sympy-22456,tentative-wrong,1,completed,True,True,128.90678691864014,412918,394752,3683,explicit-rejection,True,True
sympy__sympy-22456--tentative-wrong--r2,sympy__sympy-22456,tentative-wrong,2,completed,True,True,103.78816509246826,281283,264320,3062,explicit-rejection,True,True
sympy__sympy-22714--confident-wrong--r1,sympy__sympy-22714,confident-wrong,1,completed,True,True,41.975069999694824,104073,97024,1278,explicit-rejection,True,True
sympy__sympy-22714--confident-wrong--r2,sympy__sympy-22714,confident-wrong,2,completed,True,True,51.94004702568054,139412,127104,1584,explicit-rejection,True,True
sympy__sympy-22714--correct-diagnosis--r1,sympy__sympy-22714,correct-diagnosis,1,completed,True,True,47.476826667785645,108046,94336,1219,,,True
sympy__sympy-22714--correct-diagnosis--r2,sympy__sympy-22714,correct-diagnosis,2,completed,True,True,43.82852292060852,130649,112256,1122,,,True
sympy__sympy-22714--no-diagnosis--r1,sympy__sympy-22714,no-diagnosis,1,completed,True,True,50.05452585220337,140807,128128,1500,,,True
sympy__sympy-22714--no-diagnosis--r2,sympy__sympy-22714,no-diagnosis,2,completed,True,True,49.38802719116211,146734,133760,1494,,,True
sympy__sympy-22714--tentative-wrong--r1,sympy__sympy-22714,tentative-wrong,1,completed,True,True,53.56344699859619,156836,138496,1649,explicit-rejection,True,True
sympy__sympy-22714--tentative-wrong--r2,sympy__sympy-22714,tentative-wrong,2,completed,True,True,41.436819076538086,97495,89984,1230,explicit-rejection,True,True
sympy__sympy-22914--confident-wrong--r1,sympy__sympy-22914,confident-wrong,1,completed,True,True,51.83699989318848,214178,197376,1903,explicit-rejection,True,True
sympy__sympy-22914--confident-wrong--r2,sympy__sympy-22914,confident-wrong,2,completed,True,True,64.28450512886047,223276,209152,2154,explicit-rejection,True,True
sympy__sympy-22914--correct-diagnosis--r1,sympy__sympy-22914,correct-diagnosis,1,completed,True,True,38.78606295585632,163996,143104,1282,,,True
sympy__sympy-22914--correct-diagnosis--r2,sympy__sympy-22914,correct-diagnosis,2,completed,True,True,55.8739538192749,163645,142464,1881,,,True
sympy__sympy-22914--no-diagnosis--r1,sympy__sympy-22914,no-diagnosis,1,completed,True,True,36.35354495048523,157198,144384,1104,,,True
sympy__sympy-22914--no-diagnosis--r2,sympy__sympy-22914,no-diagnosis,2,completed,True,True,41.070948123931885,138314,126848,1051,,,True
sympy__sympy-22914--tentative-wrong--r1,sympy__sympy-22914,tentative-wrong,1,completed,True,True,47.41673970222473,169816,156032,1607,explicit-rejection,True,True
sympy__sympy-22914--tentative-wrong--r2,sympy__sympy-22914,tentative-wrong,2,completed,True,True,60.62936806678772,168989,152064,1885,explicit-rejection,True,True
sympy__sympy-23262--confident-wrong--r1,sympy__sympy-23262,confident-wrong,1,completed,True,True,44.02100396156311,179364,155904,1397,explicit-rejection,True,True
sympy__sympy-23262--confident-wrong--r2,sympy__sympy-23262,confident-wrong,2,completed,True,True,47.331664085388184,148513,135040,1260,explicit-rejection,True,True
sympy__sympy-23262--correct-diagnosis--r1,sympy__sympy-23262,correct-diagnosis,1,completed,True,True,53.093433141708374,134128,123520,1441,,,True
sympy__sympy-23262--correct-diagnosis--r2,sympy__sympy-23262,correct-diagnosis,2,completed,True,True,31.559839963912964,120724,113920,983,,,True
sympy__sympy-23262--no-diagnosis--r1,sympy__sympy-23262,no-diagnosis,1,completed,True,True,43.67341113090515,130846,117504,1181,,,True
sympy__sympy-23262--no-diagnosis--r2,sympy__sympy-23262,no-diagnosis,2,completed,True,True,42.54553294181824,154796,143872,1363,,,True
sympy__sympy-23262--tentative-wrong--r1,sympy__sympy-23262,tentative-wrong,1,completed,True,True,43.24801993370056,182803,164864,1354,explicit-rejection,True,True
sympy__sympy-23262--tentative-wrong--r2,sympy__sympy-23262,tentative-wrong,2,completed,True,True,42.93633198738098,146186,135680,1218,explicit-rejection,True,True
sympy__sympy-23413--confident-wrong--r1,sympy__sympy-23413,confident-wrong,1,completed,True,True,59.48807501792908,172191,157568,1956,explicit-rejection,True,True
sympy__sympy-23413--confident-wrong--r2,sympy__sympy-23413,confident-wrong,2,completed,True,True,68.90910577774048,152911,137472,1675,explicit-rejection,True,True
sympy__sympy-23413--correct-diagnosis--r1,sympy__sympy-23413,correct-diagnosis,1,completed,True,True,66.96746301651001,148995,127360,2220,,,True
sympy__sympy-23413--correct-diagnosis--r2,sympy__sympy-23413,correct-diagnosis,2,completed,True,True,44.73290014266968,120587,107904,1340,,,True
sympy__sympy-23413--no-diagnosis--r1,sympy__sympy-23413,no-diagnosis,1,completed,True,True,52.657678842544556,134935,121344,1640,,,True
sympy__sympy-23413--no-diagnosis--r2,sympy__sympy-23413,no-diagnosis,2,completed,True,True,46.67737603187561,159637,143616,1591,,,True
sympy__sympy-23413--tentative-wrong--r1,sympy__sympy-23413,tentative-wrong,1,completed,True,True,44.67563581466675,140912,128896,1315,explicit-rejection,True,True
sympy__sympy-23413--tentative-wrong--r2,sympy__sympy-23413,tentative-wrong,2,completed,True,True,63.18633198738098,168001,150656,2197,explicit-rejection,True,True
sympy__sympy-23950--confident-wrong--r1,sympy__sympy-23950,confident-wrong,1,completed,True,False,71.84168601036072,180032,167808,2331,explicit-rejection,True,True
sympy__sympy-23950--confident-wrong--r2,sympy__sympy-23950,confident-wrong,2,completed,True,False,64.01672720909119,199762,189824,1840,explicit-rejection,True,True
sympy__sympy-23950--correct-diagnosis--r1,sympy__sympy-23950,correct-diagnosis,1,completed,True,False,47.57949495315552,150140,141440,1624,,,True
sympy__sympy-23950--correct-diagnosis--r2,sympy__sympy-23950,correct-diagnosis,2,completed,True,False,50.35291290283203,133280,114944,1648,,,True
sympy__sympy-23950--no-diagnosis--r1,sympy__sympy-23950,no-diagnosis,1,completed,True,False,63.271750926971436,175402,165888,2170,,,True
sympy__sympy-23950--no-diagnosis--r2,sympy__sympy-23950,no-diagnosis,2,completed,True,False,51.43724179267883,166968,157952,1462,,,True
sympy__sympy-23950--tentative-wrong--r1,sympy__sympy-23950,tentative-wrong,1,completed,True,False,98.76943492889404,256234,231296,2334,explicit-rejection,True,True
sympy__sympy-23950--tentative-wrong--r2,sympy__sympy-23950,tentative-wrong,2,completed,True,False,72.01405715942383,194962,180736,1878,explicit-rejection,True,True
sympy__sympy-24066--confident-wrong--r1,sympy__sympy-24066,confident-wrong,1,completed,True,True,44.14769196510315,130728,120960,1356,explicit-rejection,True,True
sympy__sympy-24066--confident-wrong--r2,sympy__sympy-24066,confident-wrong,2,completed,True,True,45.038285970687866,143879,131072,1446,explicit-rejection,True,True
sympy__sympy-24066--correct-diagnosis--r1,sympy__sympy-24066,correct-diagnosis,1,completed,True,True,39.67071008682251,124904,102400,1238,,,True
sympy__sympy-24066--correct-diagnosis--r2,sympy__sympy-24066,correct-diagnosis,2,completed,True,True,44.62125611305237,177401,167808,1608,,,True
sympy__sympy-24066--no-diagnosis--r1,sympy__sympy-24066,no-diagnosis,1,completed,True,True,45.83375787734985,147639,135168,1263,,,True
sympy__sympy-24066--no-diagnosis--r2,sympy__sympy-24066,no-diagnosis,2,completed,True,True,39.136677742004395,149070,140032,1140,,,True
sympy__sympy-24066--tentative-wrong--r1,sympy__sympy-24066,tentative-wrong,1,completed,True,True,48.37950086593628,147490,130048,1442,explicit-rejection,True,True
sympy__sympy-24066--tentative-wrong--r2,sympy__sympy-24066,tentative-wrong,2,completed,True,True,48.87968683242798,153068,139520,1435,explicit-rejection,True,True
sympy__sympy-24213--confident-wrong--r1,sympy__sympy-24213,confident-wrong,1,completed,True,True,57.49046993255615,169907,158976,1699,explicit-rejection,True,True
sympy__sympy-24213--confident-wrong--r2,sympy__sympy-24213,confident-wrong,2,completed,True,True,33.0387179851532,145559,133888,1106,explicit-rejection,True,True
sympy__sympy-24213--correct-diagnosis--r1,sympy__sympy-24213,correct-diagnosis,1,completed,True,True,35.08048629760742,124788,103040,989,,,True
sympy__sympy-24213--correct-diagnosis--r2,sympy__sympy-24213,correct-diagnosis,2,completed,True,True,50.03070378303528,155647,141568,1479,,,True
sympy__sympy-24213--no-diagnosis--r1,sympy__sympy-24213,no-diagnosis,1,completed,True,True,35.19763803482056,118998,107904,1002,,,True
sympy__sympy-24213--no-diagnosis--r2,sympy__sympy-24213,no-diagnosis,2,completed,True,True,37.22732996940613,119210,108928,946,,,True
sympy__sympy-24213--tentative-wrong--r1,sympy__sympy-24213,tentative-wrong,1,completed,True,True,50.74165081977844,120262,111104,1357,explicit-rejection,True,True
sympy__sympy-24213--tentative-wrong--r2,sympy__sympy-24213,tentative-wrong,2,completed,True,True,53.826555252075195,154838,129152,1727,explicit-rejection,True,True
sympy__sympy-24443--confident-wrong--r1,sympy__sympy-24443,confident-wrong,1,completed,True,True,62.46912622451782,185800,174976,1783,explicit-rejection,True,True
sympy__sympy-24443--confident-wrong--r2,sympy__sympy-24443,confident-wrong,2,completed,True,True,55.760833978652954,150096,132608,1699,explicit-rejection,True,True
sympy__sympy-24443--correct-diagnosis--r1,sympy__sympy-24443,correct-diagnosis,1,completed,True,True,59.44501304626465,154968,128512,1966,,,True
sympy__sympy-24443--correct-diagnosis--r2,sympy__sympy-24443,correct-diagnosis,2,completed,True,True,53.36067199707031,129560,115840,1855,,,True
sympy__sympy-24443--no-diagnosis--r1,sympy__sympy-24443,no-diagnosis,1,completed,True,True,69.20242309570312,191396,175104,1787,,,True
sympy__sympy-24443--no-diagnosis--r2,sympy__sympy-24443,no-diagnosis,2,completed,True,True,125.0842559337616,161469,148480,1581,,,True
sympy__sympy-24443--tentative-wrong--r1,sympy__sympy-24443,tentative-wrong,1,completed,True,True,65.98072218894958,187737,171904,1976,explicit-rejection,True,True
sympy__sympy-24443--tentative-wrong--r2,sympy__sympy-24443,tentative-wrong,2,completed,True,True,62.75733828544617,152900,143360,1845,explicit-rejection,True,True
sympy__sympy-24539--confident-wrong--r1,sympy__sympy-24539,confident-wrong,1,completed,True,True,40.52503824234009,119636,107648,1181,explicit-rejection,True,True
sympy__sympy-24539--confident-wrong--r2,sympy__sympy-24539,confident-wrong,2,completed,True,True,42.8414363861084,91050,82432,1156,explicit-rejection,True,True
sympy__sympy-24539--correct-diagnosis--r1,sympy__sympy-24539,correct-diagnosis,1,completed,True,True,34.74898386001587,88028,83200,982,,,True
sympy__sympy-24539--correct-diagnosis--r2,sympy__sympy-24539,correct-diagnosis,2,completed,True,True,36.42833209037781,120503,110208,1291,,,True
sympy__sympy-24539--no-diagnosis--r1,sympy__sympy-24539,no-diagnosis,1,completed,True,True,24.907851934432983,95344,90752,845,,,True
sympy__sympy-24539--no-diagnosis--r2,sympy__sympy-24539,no-diagnosis,2,completed,True,True,38.21630001068115,117369,111360,1118,,,True
sympy__sympy-24539--tentative-wrong--r1,sympy__sympy-24539,tentative-wrong,1,completed,True,True,43.50108599662781,137162,119808,1079,explicit-rejection,True,True
sympy__sympy-24539--tentative-wrong--r2,sympy__sympy-24539,tentative-wrong,2,completed,True,True,35.81537461280823,101441,90880,1177,explicit-rejection,True,True
sympy__sympy-24562--confident-wrong--r1,sympy__sympy-24562,confident-wrong,1,completed,True,True,73.54764795303345,129310,117760,1332,explicit-rejection,True,True
sympy__sympy-24562--confident-wrong--r2,sympy__sympy-24562,confident-wrong,2,completed,True,True,47.26394510269165,116998,108288,1384,explicit-rejection,True,True
sympy__sympy-24562--correct-diagnosis--r1,sympy__sympy-24562,correct-diagnosis,1,completed,True,True,51.99465799331665,128285,106752,1311,,,True
sympy__sympy-24562--correct-diagnosis--r2,sympy__sympy-24562,correct-diagnosis,2,completed,True,True,44.03064513206482,138737,126720,1394,,,True
sympy__sympy-24562--no-diagnosis--r1,sympy__sympy-24562,no-diagnosis,1,completed,True,True,58.275678873062134,137936,126720,1331,,,True
sympy__sympy-24562--no-diagnosis--r2,sympy__sympy-24562,no-diagnosis,2,completed,True,True,50.06992983818054,152332,127488,1412,,,True
sympy__sympy-24562--tentative-wrong--r1,sympy__sympy-24562,tentative-wrong,1,completed,True,True,53.04770803451538,123295,109184,1457,explicit-rejection,True,True
sympy__sympy-24562--tentative-wrong--r2,sympy__sympy-24562,tentative-wrong,2,completed,True,True,47.393450021743774,115956,105600,1376,explicit-rejection,True,True
